id,adhyaya,pada,sutra_number,sutra_text,adhikarana
1,1,1,1,ॐ ॐ अथातो ब्रह्मजिज्ञासा ॐ,जिज्ञासाधिकरणम्
2,1,1,2,ॐ जन्माद्यस्य यतः ॐ,जन्माधिकरणम्
3,1,1,3,ॐ शास्त्रयोनित्वात् ॐ,शास्त्रयोनित्वाधिकरणम्
4,1,1,4,ॐ तत्तु समन्वयात् ॐ,समन्वयाधिकरणम्
5,1,1,5,ॐ ईक्षतेर्नाशब्दम् ॐ,ईक्षत्यधिकरणम्
6,1,1,6,ॐ गौणश्चेन्नात्मशब्दात् ॐ,ईक्षत्यधिकरणम्
7,1,1,7,ॐ तन्निष्ठस्य मोक्षोपदेशात् ॐ,ईक्षत्यधिकरणम्
8,1,1,8,ॐ हेयत्वावचनाच्च ॐ,ईक्षत्यधिकरणम्
9,1,1,9,ॐ स्वाप्ययात् ॐ,ईक्षत्यधिकरणम्
10,1,1,10,ॐ गतिसामान्यात् ॐ,ईक्षत्यधिकरणम्
11,1,1,11,ॐ श्रुतत्वाच्च ॐ,ईक्षत्यधिकरणम्
12,1,1,12,ॐ आनन्दमयोऽभ्यासात् ॐ,आनन्दमयाधिकरणम्
13,1,1,13,ॐ विकारशब्दान्नेति चेन्न प्राचुर्यात् ॐ,आनन्दमयाधिकरणम्
14,1,1,14,ॐ तद्धेतुव्यपदेशाच्च ॐ,आनन्दमयाधिकरणम्
15,1,1,15,ॐ मान्त्रवर्णिकमेव च गीयते ॐ,आनन्दमयाधिकरणम्
16,1,1,16,ॐ नेतरोऽनुपपत्तेः ॐ,आनन्दमयाधिकरणम्
17,1,1,17,ॐ भेदव्यपदेशाच्च ॐ,आनन्दमयाधिकरणम्
18,1,1,18,ॐ कामाच्च नानुमानापेक्षा ॐ,आनन्दमयाधिकरणम्
19,1,1,19,ॐ अस्मिन्नस्य च तद्योगं शास्ति ॐ,आनन्दमयाधिकरणम्
20,1,1,20,ॐ अन्तस्तद्धर्मोपदेशात् ॐ,अन्तःस्तत्थ्वाधिकरणम्
21,1,1,21,ॐ भेदव्यपदेशाच्चान्यः ॐ,अन्तःस्तत्थ्वाधिकरणम्
22,1,1,22,ॐ आकाशस्तल्लिङ्गात् ॐ,आकाशाधिकरणम्
23,1,1,23,ॐ अत एव प्राणः ॐ,प्राणाधिकरणम्
24,1,1,24,ॐ ज्योतिश्चरणाभिधानात् ॐ,ज्योतिरधिकरणम्
25,1,1,25,ॐ छन्दोऽभिधानान्नेति चेन्न तथा चेतोऽर्पणनिगदात् तथा हि दर्शनम् ॐ,गायत्र्यधिकरणम्
26,1,1,26,ॐ भूतादिपादव्यपदेशोपपत्तेश्चैवम् ॐ,गायत्र्यधिकरणम्
27,1,1,27,ॐ उपदेशभेदान्नेति चेन्नोभयस्मिन्नप्यविरोधात् ॐ,गायत्र्यधिकरणम्
28,1,1,28,ॐ प्राणस्तथाऽनुगमात् ॐ,पादान्त्यप्राणाधिकरणम्
29,1,1,29,ॐ न वक्तुरात्मोपदेशादिति चेदध्यात्मसम्भन्धभूमा ह्यस्मिन् ॐ,पादान्त्यप्राणाधिकरणम्
30,1,1,30,ॐ शास्त्रदृष्ट्यातूपदेशो वामदेववत् ॐ,पादान्त्यप्राणाधिकरणम्
31,1,1,31,ॐ जीवमुख्यप्राणलिङ्गान्नेति चेन्नोपासात्रैविध्यादाश्रितत्वादिह तद्योगात् ॐ,पादान्त्यप्राणाधिकरणम्
32,1,2,1,ॐ सर्वत्र प्रसिद्धोपदेशात् ॐ,सर्वगतत्वाधिकरणम्
33,1,2,2,ॐ विवक्षितगुणोपपत्तेश्च ॐ,सर्वगतत्वाधिकरणम्
34,1,2,3,ॐ अनुपपत्तेस्तुन शारीरः ॐ,सर्वगतत्वाधिकरणम्
35,1,2,4,ॐ कर्मकर्तृव्यपदेशाच्च ॐ,सर्वगतत्वाधिकरणम्
36,1,2,5,ॐ शब्दविशेषात् ॐ,सर्वगतत्वाधिकरणम्
37,1,2,6,ॐ स्मृतेश्च ॐ,सर्वगतत्वाधिकरणम्
38,1,2,7,ॐ अर्भकौकस्त्वात् तद्व्यपदेशाच्च नेति चेन्न निचाय्यत्वादेवं व्योमवच्च ॐ,सर्वगतत्वाधिकरणम्
39,1,2,8,ॐ सम्भोगप्राप्तिरिति चेन्न वैशेष्यात् ॐ,सर्वगतत्वाधिकरणम्
40,1,2,9,ॐ अत्ताचराचरग्रहणात् ॐ,अत्तृत्वाधिकरणम्
41,1,2,10,ॐ प्रकरणाच्च ॐ,अत्तृत्वाधिकरणम्
42,1,2,11,ॐ गुहां प्रविष्टावात्मानौ हि तद्दर्शनात् ॐ,गुहाधिकरणम्
43,1,2,12,ॐ विशेषणाच्च ॐ,गुहाधिकरणम्
44,1,2,13,ॐ अन्तर उपपत्तेः ॐ,इत्यन्तराधिकरणम्
45,1,2,14,ॐ स्थानादिव्यपदेशाच्च ॐ,इत्यन्तराधिकरणम्
46,1,2,15,ॐ सुखविशिष्टाभिधानादेव च ॐ,इत्यन्तराधिकरणम्
47,1,2,16,ॐ श्रुतोपनिषत्कगत्यभिधानाच्च ॐ,इत्यन्तराधिकरणम्
48,1,2,17,ॐ अनवस्थितेरसम्भवाच्च नेतरः ॐ,इत्यन्तराधिकरणम्
49,1,2,18,ॐ अन्तर्याम्यधिदैवादिषु तद्धर्मव्यपदेशात् ॐ,इत्यन्तर्याम्यधिकरणम्
50,1,2,19,ॐ न च स्मार्तमतद्धर्माभिलापात् ॐ,इत्यन्तर्याम्यधिकरणम्
51,1,2,20,ॐ शारीरश्चोभयेऽपि हि भेदेनैनमधीयते ॐ,इत्यन्तर्याम्यधिकरणम्
52,1,2,21,ॐ अदृश्यत्वादिगुणको धर्मोक्तेः ॐ,अदृश्यत्वाधिकरणम्
53,1,2,22,ॐ विशेषणभेदव्यपदेशाभ्यां नेतरौ ॐ,अदृश्यत्वाधिकरणम्
54,1,2,23,ॐ रूपोपन्यासाच्च ॐ,अदृश्यत्वाधिकरणम्
55,1,2,24,ॐ वैश्वानरः साधारणशब्दविशेषात् ॐ,वैश्वानराधिकरणम्
56,1,2,25,ॐ स्मर्यमाणमनुमानं स्यादिति ॐ,वैश्वानराधिकरणम्
57,1,2,26,ॐ शब्दादिभ्योऽन्तः प्रतिष्ठानान्नेति चेन्न तथा दृष्ट्युपदेशादसम्भवात् पुरुषविधमपि चैनमधीयते ॐ,वैश्वानराधिकरणम्
58,1,2,27,ॐ अत एव न देवता भूतं च ॐ,वैश्वानराधिकरणम्
59,1,2,28,ॐ साक्षादप्यविरोधं जैमिनिः ॐ,वैश्वानराधिकरणम्
60,1,2,29,ॐ अभिव्यक्तेरित्याश्मरथ्यः ॐ,वैश्वानराधिकरणम्
61,1,2,30,ॐ अनुस्मृतेर्बादरिः ॐ,वैश्वानराधिकरणम्
62,1,2,31,ॐ सम्पत्तेरिति जैमिनिस्तथा हि दर्शयति ॐ,वैश्वानराधिकरणम्
63,1,2,32,ॐ आमनन्ति चैनमस्मिन् ॐ,वैश्वानराधिकरणम्
64,1,3,1,ॐ द्युभ्वाद्यायतनं स्वशब्दात् ॐ,द्युभ्वाधिकरणम्
65,1,3,2,ॐ मुक्तोपसृप्यव्यपदेशात् ॐ,द्युभ्वाधिकरणम्
66,1,3,3,ॐ नानुमानमतच्छब्दात् ॐ,द्युभ्वाधिकरणम्
67,1,3,4,ॐ प्राणभृच्च ॐ,द्युभ्वाधिकरणम्
68,1,3,5,ॐ भेदव्यपदेशात् ॐ,द्युभ्वाधिकरणम्
69,1,3,6,ॐ प्रकरणात् ॐ,द्युभ्वाधिकरणम्
70,1,3,7,ॐ स्थित्यदनाभ्यां च ॐ,द्युभ्वाधिकरणम्
71,1,3,8,ॐ भूमा सम्प्रसादादध्युपदेशात् ॐ,भूमाधिकरणम्
72,1,3,9,ॐ धर्मोपपत्तेश्च ॐ,भूमाधिकरणम्
73,1,3,10,ॐ अक्षरमम्बरान्तधृतेः ॐ,अक्षराधिकरणम्
74,1,3,11,ॐ सा च प्रशासनात् ॐ,अक्षराधिकरणम्
75,1,3,12,ॐ अन्यभावव्यावृत्तेश्च ॐ,अक्षराधिकरणम्
76,1,3,13,ॐ ईक्षतिकर्मव्यपदेशात् सः ॐ,सदधिकरणम्
77,1,3,14,ॐ दहर उत्तरेभ्यः ॐ,दहराधिकरणम्
78,1,3,15,ॐ गतिशब्दाभ्यां तथा हि दृष्टं लिङ्गं च ॐ,दहराधिकरणम्
79,1,3,16,ॐ धृतेश्च महिम्नोऽस्यास्मिन्नुपलब्धेः ॐ,दहराधिकरणम्
80,1,3,17,ॐ प्रसिद्धेश्च ॐ,दहराधिकरणम्
81,1,3,18,ॐ इतरपरामर्शात् स इति चेन्नासम्भवात् ॐ,दहराधिकरणम्
82,1,3,19,ॐ उत्तराच्चेदाविर्भूतस्वरूपस्तु ॐ,दहराधिकरणम्
83,1,3,20,ॐ अन्यार्थश्च परामर्शः ॐ,दहराधिकरणम्
84,1,3,21,ॐ अल्पश्रुतेरिति चेत् तदुक्तम् ॐ,दहराधिकरणम्
85,1,3,22,ॐ अनुकृतेस्तस्य च ॐ,अनुकृत्यधिकरणम्
86,1,3,23,ॐ अपि स्मर्यते ॐ,अनुकृत्यधिकरणम्
87,1,3,24,ॐ शब्दादेव प्रमितः ॐ,वामनाधिकरणम्
88,1,3,25,ॐ हृद्यपेक्षया तु मनुष्याधिकारत्वात् ॐ,वामनाधिकरणम्
89,1,3,26,ॐ तदुपर्यपि बादरायणः सम्भवात् ॐ,देवताधिकरणम्
90,1,3,27,ॐ विरोधः कर्मणेति चेन्नानेकप्रतिपत्तेर्दर्शनात् ॐ,देवताधिकरणम्
91,1,3,28,ॐ शब्द इति चेन्नातः प्रभवात् प्रत्यक्षानुमानाभ्याम् ॐ,देवताधिकरणम्
92,1,3,29,ॐ अत एव च नित्यत्वम् ॐ,देवताधिकरणम्
93,1,3,30,ॐ समाननामरूपत्वाच्चावृत्तावप्यविरोधो दर्शनात् स्मृतेश्च ॐ,देवताधिकरणम्
94,1,3,31,ॐ मध्वादिष्वसम्भवादनधिकारं जैमिनिः ॐ,देवताधिकरणम्
95,1,3,32,ॐ ज्योतिषि भावाच्च ॐ,देवताधिकरणम्
96,1,3,33,ॐ भावं तु बादरायणोऽस्ति हि ॐ,देवताधिकरणम्
97,1,3,34,ॐ शुगस्य तदनादरश्रवणात् तदाऽऽद्रवणात् सूच्यते हि ॐ,अपशूद्राधिकरणम्
98,1,3,35,ॐ क्षत्रियत्वावगतेश्चोत्तरत्र चैत्ररथेन लिङ्गात् ॐ,अपशूद्राधिकरणम्
99,1,3,36,ॐ संस्कारपरामर्शात् तदभावाभिलापाच्च ॐ,अपशूद्राधिकरणम्
100,1,3,37,ॐ तदभावनिर्धारणे च प्रवृत्तेः ॐ,अपशूद्राधिकरणम्
101,1,3,38,ॐ श्रवणाध्ययनार्थप्रतिषेधात् स्मृतेश्च ॐ,अपशूद्राधिकरणम्
102,1,3,39,ॐ कम्पनात् ॐ,कम्पनाधिकरणम्
103,1,3,40,ॐ ज्योतिर्दर्शनात् ॐ,ज्योतिरधिकरणम्
104,1,3,41,ॐ आकाशोऽर्थान्तरत्वादिव्यपदेशात् ॐ,आकाशाधिकरणम्
105,1,3,42,ॐ सुषुप्त्युत्क्रान्त्योर्भेदेन ॐ,सुषुप्त्यधिकरणम्
106,1,3,43,ॐ पत्यादिशब्देभ्यः ॐ,ब्राह्मणाधिकरणम्
107,1,4,1,ॐ आनुमानिकमप्येकेषामिति चेन्न शरीररूपकविन्यस्तगृहीतेर्दशर्यति च ॐ,अनुमानिकाधिकरणम्
108,1,4,2,ॐ सूक्ष्मं तु तदर्हत्वात् ॐ,अनुमानिकाधिकरणम्
109,1,4,3,ॐ तदधीनत्वादर्थवत् ॐ,अनुमानिकाधिकरणम्
110,1,4,4,ॐ ज्ञेयत्वावचनाच्च ॐ,अनुमानिकाधिकरणम्
111,1,4,5,ॐ वदतीती चेन्न प्राज्ञो हि ॐ,अनुमानिकाधिकरणम्
112,1,4,6,ॐ प्रकरणात् ॐ,अनुमानिकाधिकरणम्
113,1,4,7,ॐ त्रयाणामेव चैवमुपन्यासः प्रश्नश्च ॐ,अनुमानिकाधिकरणम्
114,1,4,8,ॐ महद्वच्च ॐ,अनुमानिकाधिकरणम्
115,1,4,9,ॐ चमसवदविशेषात् ॐ,अनुमानिकाधिकरणम्
116,1,4,10,ॐ ज्योतिरुपक्रमात् तु तथा ह्यधीयत एके ॐ,ज्योतिरुपक्रमाधिकरणम्
117,1,4,11,ॐ कल्पनोपदेशाच्च मध्वादिवदविरोधः ॐ,ज्योतिरुपक्रमाधिकरणम्
118,1,4,12,ॐ न सङ्ख्योपसङ्ग्रहादपि नानाभावादतिरेकाच्च ॐ,नसङ्ख्योपसङ्ग्रहाधिकरणम्
119,1,4,13,ॐ प्राणादयो वाक्यशेषात् ॐ,नसङ्ख्योपसङ्ग्रहाधिकरणम्
120,1,4,14,ॐ ज्योतिषैकेषामसत्यन्ने ॐ,नसङ्ख्योपसङ्ग्रहाधिकरणम्
121,1,4,15,ॐ कारणत्वेन चाकाशादिषु यथाव्यपदिष्टोक्तेः ॐ,आकाशाधिकरणम्
122,1,4,16,ॐ समाकर्षात् ॐ,समाकर्षाधिकरणम्
123,1,4,17,ॐ जगद्वाचित्वात् ॐ,समाकर्षाधिकरणम्
124,1,4,18,ॐ जीवमुख्यप्राणलिङ्गादिति चेत् तद्व्याख्यातम् ॐ,समाकर्षाधिकरणम्
125,1,4,19,ॐ अन्यार्थं तु जैमिनिः प्रश्नव्याख्यानाभ्यामपि चैवमेके ॐ,समाकर्षाधिकरणम्
126,1,4,20,ॐ वाक्यान्वयात् ॐ,समाकर्षाधिकरणम्
127,1,4,21,ॐ प्रतिज्ञासिद्धेर्लिङ्गमाश्मरथ्यः ॐ,समाकर्षाधिकरणम्
128,1,4,22,ॐ उत्क्रमिष्यत एवम्भावादित्यौडुलोमिः ॐ,समाकर्षाधिकरणम्
129,1,4,23,ॐ अवस्थितेरिति काशकृत्स्नः ॐ,समाकर्षाधिकरणम्
130,1,4,24,ॐ प्रकृतिश्च प्रतिज्ञादृष्टान्तानुपरोधात् ॐ,प्रकृत्यधिकरणम्
131,1,4,25,ॐ अभिध्योपदेशाच्च ॐ,प्रकृत्यधिकरणम्
132,1,4,26,ॐ साक्षाच्चोभयाम्नानात् ॐ,प्रकृत्यधिकरणम्
133,1,4,27,ॐ आत्मकृतेः परिणामात् ॐ,प्रकृत्यधिकरणम्
134,1,4,28,ॐ योनिश्च हि गीयते ॐ,प्रकृत्यधिकरणम्
135,1,4,29,ॐ एतेन सर्वे व्याख्याता व्याख्याताः ॐ,सर्वेव्याख्याताधिकरणम्
136,2,1,1,ॐ स्मृत्यनवकाशदोषप्रसङ्ग इति चेन्नान्यस्मृत्यनवकाशदोषप्रसङ्गात् ॐ,स्मृत्यधिकरणम्
137,2,1,2,ॐ इतरेषां चानुपलब्धेः ॐ,स्मृत्यधिकरणम्
138,2,1,3,ॐ एतेन योगः प्रत्युक्तः ॐ,स्मृत्यधिकरणम्
139,2,1,4,ॐ न विलक्षणत्वादस्य तथात्वं च शब्दात् ॐ,नविलक्षणत्वाधिकरणम्
140,2,1,5,ॐ दृश्यते तु ॐ,नविलक्षणत्वाधिकरणम्
141,2,1,6,ॐ अभिमानिव्यपदेशस्तु विशेषानुगतिभ्याम् ॐ,अभिमान्यधिकरणम्
142,2,1,7,ॐ दृश्यते च ॐ,अभिमान्यधिकरणम्
143,2,1,8,ॐ असदिति चेन्न प्रतिषेधमात्रत्वात् ॐ,असदधिकरणम्
144,2,1,9,ॐ अपीतौ तद्वत्प्रसङ्गादसमञ्जसम् ॐ,असदधिकरणम्
145,2,1,10,ॐ न तु दृष्टान्तभावात् ॐ,असदधिकरणम्
146,2,1,11,ॐ स्वपक्षदोषाच्च ॐ,असदधिकरणम्
147,2,1,12,ॐ तर्काप्रतिष्ठानादप्यन्यथाऽनुमेयमिति चेदेवमप्यनिर्मोक्षप्रसङ्गः ॐ,असदधिकरणम्
148,2,1,13,ॐ एतेन शिष्टापरिग्रहा अपि व्याख्याताः ॐ,असदधिकरणम्
149,2,1,14,ॐ भोक्त्रापत्तेरविभागश्चेत् स्याल्लोकवत् ॐ,भोक्त्राधिकरणम्
150,2,1,15,ॐ तदनन्यत्वमारम्भणशब्दादिभ्यः ॐ,आरम्भणाधिकरणम्
151,2,1,16,ॐ भावे चोपलब्देः ॐ,आरम्भणाधिकरणम्
152,2,1,17,ॐ सत्वाच्चावरस्य ॐ,आरम्भणाधिकरणम्
153,2,1,18,ॐ असद्व्यपदेशान्नेति चेन्न धर्मान्तरेण वाक्यशेषात् ॐ,आरम्भणाधिकरणम्
154,2,1,19,ॐ युक्तेः शब्दान्तराच्च ॐ,आरम्भणाधिकरणम्
155,2,1,20,ॐ पटवच्च ॐ,आरम्भणाधिकरणम्
156,2,1,21,ॐ यथा प्राणादिः ॐ,आरम्भणाधिकरणम्
157,2,1,22,ॐ इतरव्यपदेशाद्धिताकरणादिदोषप्रसक्तिः ॐ,इतरव्यपदेशाधिकरणम्
158,2,1,23,ॐ अधिकं तु भेदनिर्देशात् ॐ,इतरव्यपदेशाधिकरणम्
159,2,1,24,ॐ अश्मादिवच्च तदनुपपत्तिः ॐ,इतरव्यपदेशाधिकरणम्
160,2,1,25,ॐ उपसंहारदर्शनान्नेति चेन्न क्षीरवद्धि ॐ,इतरव्यपदेशाधिकरणम्
161,2,1,26,ॐ देवादिवदपि लोके ॐ,इतरव्यपदेशाधिकरणम्
162,2,1,27,ॐ कृत्स्नप्रसक्तिर्निरवयवत्वशब्दकोपो वा ॐ,इतरव्यपदेशाधिकरणम्
163,2,1,28,ॐ श्रुतेस्तुशब्दमूलत्वात् ॐ,शब्दमूलत्वाधिकरणम्
164,2,1,29,ॐ आत्मनि चैवं विचित्राश्च हि ॐ,शब्दमूलत्वाधिकरणम्
165,2,1,30,ॐ स्वपक्षदोषाच्च ॐ,शब्दमूलत्वाधिकरणम्
166,2,1,31,ॐ सर्वोपेता च तद्दर्शनात् ॐ,शब्दमूलत्वाधिकरणम्
167,2,1,32,ॐ विकरणत्वान्नेति चेत् तदुक्तम् ॐ,शब्दमूलत्वाधिकरणम्
168,2,1,33,ॐ न प्रयोजनवत्त्वात् ॐ,नप्रयोजनाधिकरणम्
169,2,1,34,ॐ लोकवत्तुलीलाकैवल्यम् ॐ,नप्रयोजनाधिकरणम्
170,2,1,35,ॐ वैषम्यनैर्घृण्ये न सापेक्षत्वात् तथा हि दर्शयति ॐ,वैषम्यनैर्घृण्याधिकरणम्
171,2,1,36,ॐ न कर्माविभागादिति चेन्नानादित्वात् ॐ,वैषम्यनैर्घृण्याधिकरणम्
172,2,1,37,ॐ उपपद्यते चाप्युपलभ्यते च ॐ,वैषम्यनैर्घृण्याधिकरणम्
173,2,1,38,ॐ सर्वधर्मोपपत्तेश्च ॐ,सर्वधर्मोपपत्यधिकरणम्
174,2,2,1,ॐ रचनानुपपत्तेश्च नानुमानम् ॐ,रचनानुपपत्त्यधिकरणम्
175,2,2,2,ॐ प्रवृत्तेश्च ॐ,रचनानुपपत्त्यधिकरणम्
176,2,2,3,ॐ पयोऽम्बुवच्चेत् तत्रापि ॐ,रचनानुपपत्त्यधिकरणम्
177,2,2,4,ॐ व्यतिरेकानवस्थितेश्चानपेक्षत्वात् ॐ,रचनानुपपत्त्यधिकरणम्
178,2,2,5,ॐ अन्यत्राभावाच्च न तृणादिवत् ॐ,अन्यत्रभावाधिकरणम्
179,2,2,6,ॐ अभ्युपगमेऽप्यर्थाभावात् ॐ,अभ्युपगमाधिकरणम्
180,2,2,7,ॐ पुरुषाश्मवदिति चेत् तथाऽपि ॐ,पुरुषाश्माधिकरणम्
181,2,2,8,ॐ अङ्गीत्वानुपपतेः ॐ,पुरुषाश्माधिकरणम्
182,2,2,9,ॐ अन्यथाऽनुमितौ च ज्ञशक्तिवियोगात् ॐ,अन्यथानुमित्यधिकरणम्
183,2,2,10,ॐ विप्रतिषेधाच्चासमञ्जसम् ॐ,अन्यथानुमित्यधिकरणम्
184,2,2,11,ॐ महद्दीर्घवद्वा ह्रस्वपरिमण्डलाभ्याम् ॐ,वैशेषिकाधिकरणम्
185,2,2,12,ॐ उभयथाऽपि न कर्मातस्तदभावः ॐ,वैशेषिकाधिकरणम्
186,2,2,13,ॐ समवायाभ्युपगमाच्च साम्यादनवस्थितेः ॐ,वैशेषिकाधिकरणम्
187,2,2,14,ॐ नित्यमेव च भावात् ॐ,वैशेषिकाधिकरणम्
188,2,2,15,ॐ रूपादिमत्त्वाच्चविपर्ययो दर्शनात् ॐ,वैशेषिकाधिकरणम्
189,2,2,16,ॐ उभयथा च दोषात् ॐ,वैशेषिकाधिकरणम्
190,2,2,17,ॐ अपरिग्रहाच्चात्यन्तमनपेक्षा ॐ,वैशेषिकाधिकरणम्
191,2,2,18,ॐ समुदाय उभयहेतुकेऽपि तदप्राप्तिः ॐ,समुदायाधिकरणम्
192,2,2,19,ॐ इतरेतरप्रत्ययात्वादिति चेन्न उत्पत्तिमात्रनिमित्तत्वात् ॐ,समुदायाधिकरणम्
193,2,2,20,ॐ उत्तरोत्पादे च पूर्वनिरोधात् ॐ,समुदायाधिकरणम्
194,2,2,21,ॐ असति प्रतिज्ञोपरोधो यौगपद्यमन्यथा ॐ,समुदायाधिकरणम्
195,2,2,22,ॐ प्रतिसङ्ख्याऽप्रतिसङ्ख्यानिरोधप्राप्तिरविच्छेदात् ॐ,समुदायाधिकरणम्
196,2,2,23,ॐ उभयथा च दोषात् ॐ,समुदायाधिकरणम्
197,2,2,24,ॐ आकाशे चाविशेषात् ॐ,समुदायाधिकरणम्
198,2,2,25,ॐ अनुस्मृतेश्च ॐ,समुदायाधिकरणम्
199,2,2,26,ॐ नासतोऽदृष्टत्वात् ॐ,असदधिकरणम्
200,2,2,27,ॐ उदासीनानामपि चैवं सिद्धिः ॐ,असदधिकरणम्
201,2,2,28,ॐ नाभाव उपलब्धेः ॐ,असदधिकरणम्
202,2,2,29,ॐ वैधर्म्याच्च न स्वप्नादिवत् ॐ,असदधिकरणम्
203,2,2,30,ॐ न भावोऽनुपलब्धेः ॐ,अनुपलब्द्यधिकरणम्
204,2,2,31,ॐ क्षणिकत्वाच्च ॐ,अनुपलब्द्यधिकरणम्
205,2,2,32,ॐ सर्वथाऽनुपपत्तेश्च ॐ,अनुपलब्द्यधिकरणम्
206,2,2,33,ॐ नैकस्मिन्नसम्भवात् ॐ,नैकस्मिन्नधिकरणम्
207,2,2,34,ॐ एवञ्चात्माकार्त्स्न्यम् ॐ,नैकस्मिन्नधिकरणम्
208,2,2,35,ॐ न च पर्यायादप्यविरोधो विकारादिभ्यः ॐ,नैकस्मिन्नधिकरणम्
209,2,2,36,ॐ अन्त्यावस्थितेश्चोभयनित्यत्वादविशेषात् ॐ,नैकस्मिन्नधिकरणम्
210,2,2,37,ॐ पत्युरसामञ्जस्यात् ॐ,पत्युरधिकरणम्
211,2,2,38,ॐ सम्बन्धानुपपत्तेश्च ॐ,पत्युरधिकरणम्
212,2,2,39,ॐ अधिष्ठानानुपपत्तेश्च ॐ,पत्युरधिकरणम्
213,2,2,40,ॐ करणवच्चेन्न भोगादिभ्यः ॐ,पत्युरधिकरणम्
214,2,2,41,ॐ अन्तवत्त्वमसर्वज्ञता वा ॐ,पत्युरधिकरणम्
215,2,2,42,ॐ उत्पत्यसम्भवात् ॐ,उत्पत्त्य(शक्त्य)धिकरणम्
216,2,2,43,ॐ न च कर्तुः करणम् ॐ,उत्पत्त्य(शक्त्य)धिकरणम्
217,2,2,44,ॐ विज्ञानादिभावे वा तदप्रतिषेधः ॐ,उत्पत्त्य(शक्त्य)धिकरणम्
218,2,2,45,ॐ विप्रतिषेधाच्च ॐ,उत्पत्त्य(शक्त्य)धिकरणम्
219,2,3,1,ॐ न वियदश्रुतेः ॐ,वियदधिकरणम्
220,2,3,2,ॐ अस्तितु ॐ,वियदधिकरणम्
221,2,3,3,ॐ गौण्यसम्भवात् ॐ,वियदधिकरणम्
222,2,3,4,ॐ शब्दाच्च ॐ,वियदधिकरणम्
223,2,3,5,ॐ स्याच्चैकस्य ब्रह्मशब्दवत् ॐ,वियदधिकरणम्
224,2,3,6,ॐ प्रतिज्ञाहानिरव्यतिरेकाच्छब्देभ्यः ॐ,वियदधिकरणम्
225,2,3,7,ॐ यावद्विकारं तु विभागो लोकवत् ॐ,वियदधिकरणम्
226,2,3,8,ॐ एतेन मातरिश्वा व्याख्यातः ॐ,मातरिश्वाधिकरणम्
227,2,3,9,ॐ असम्भवस्तु सतोऽनुपपत्तेः ॐ,असम्भवाधिकरणम्
228,2,3,10,ॐ तेजोऽतस्तथा ह्याह ॐ,तेजोऽधिकरणम्
229,2,3,11,ॐ आपः ॐ,अबधिकरणम्
230,2,3,12,ॐ पृथिव्यधिकाररूपशब्दान्तरादिभ्यः ॐ,पृथिव्यधिकरणम्
231,2,3,13,ॐ तदभिध्यानादेव तु तल्लिङ्गात् सः ॐ,तदभिध्यानाधिकरणम्
232,2,3,14,ॐ विपर्ययेण तु क्रमोऽत उपपद्यते च ॐ,विपर्ययाधिकरणम्
233,2,3,15,ॐ अन्तरा विज्ञानमनसी क्रमेण तल्लिङ्गादिति चेन्नाविशेषात् ॐ,अन्तराधिकरणम्
234,2,3,16,ॐ चराचरव्यपाश्रयस्तु स्यात् तद्व्यपदेशो भाक्तस्तद्भावभावित्वात् ॐ,अन्तराधिकरणम्
235,2,3,17,ॐ नात्माऽश्रुतेर्नित्यत्वाच्च ताभ्यः ॐ,आत्माधिकरणम्
236,2,3,18,ॐ ज्ञोऽत एव ॐ,ज्ञाधिकरणम्
237,2,3,19,ॐ युक्तेश्च ॐ,ज्ञाधिकरणम्
238,2,3,20,ॐ उत्क्रान्तिगत्यागतीनाम् ॐ,उत्क्रान्त्यधिकरणम्
239,2,3,21,ॐ स्वात्मना चोत्तरयोः ॐ,उत्क्रान्त्यधिकरणम्
240,2,3,22,ॐ नाणुरतच्छ्रुतेरिति चेन्नेतराधिकारात् ॐ,उत्क्रान्त्यधिकरणम्
241,2,3,23,ॐ स्वशब्दोन्मानाभ्यां च ॐ,उत्क्रान्त्यधिकरणम्
242,2,3,24,ॐ अविरोधश्चन्दनवत् ॐ,उत्क्रान्त्यधिकरणम्
243,2,3,25,ॐ अवस्थितिवैशेष्यादिति चेन्नाभ्युपगमाद्धृदि हि ॐ,उत्क्रान्त्यधिकरणम्
244,2,3,26,ॐ गुणाद्वाऽऽलोकवत् ॐ,उत्क्रान्त्यधिकरणम्
245,2,3,27,ॐ व्यतिरेको गन्धवत् तथा च दर्शयति ॐ,व्यतिरेकाधिकरणम्
246,2,3,28,ॐ पृथगुपदेशात् ॐ,पृथगुपदेशाधिकरणम्
247,2,3,29,ॐ तद्गुणसारत्वात् तु तद्व्यपदेशः प्राज्ञवत् ॐ,पृथगुपदेशाधिकरणम्
248,2,3,30,ॐ यावदात्माभावित्वाच्च न दोषस्तद्दर्शनात् ॐ,यावदधिकरणम्
249,2,3,31,ॐ पुंस्त्वादिवत्त्वस्यसतोऽभिव्यक्तियोगात् ॐ,पुंस्त्वाधिकरणम्
250,2,3,32,ॐ नित्योपलब्ध्यनुपलब्धिप्रसङ्गोऽन्यतरनियमो वाऽन्यथा ॐ,पुंस्त्वाधिकरणम्
251,2,3,33,ॐ कर्ता शास्त्रार्थवत्त्वात् ॐ,कर्तृत्वाधिकरणम्
252,2,3,34,ॐ विहारोपदेशात् ॐ,कर्तृत्वाधिकरणम्
253,2,3,35,ॐ उपादानात् ॐ,कर्तृत्वाधिकरणम्
254,2,3,36,ॐ व्यपदेशाच्च क्रियायां न चेन्निर्देशविपर्ययः ॐ,कर्तृत्वाधिकरणम्
255,2,3,37,ॐ उपलब्धिवदनियमः ॐ,कर्तृत्वाधिकरणम्
256,2,3,38,ॐ शक्तिविपर्ययात् ॐ,कर्तृत्वाधिकरणम्
257,2,3,39,ॐ समाध्यभावाच्च ॐ,कर्तृत्वाधिकरणम्
258,2,3,40,ॐ यथा च तक्षोभयथा ॐ,कर्तृत्वाधिकरणम्
259,2,3,41,ॐ परात् तु तच्छ्रुतेः ॐ,कर्तृत्वाधिकरणम्
260,2,3,42,ॐ कृतप्रयत्नापेक्षस्तुविहितप्रतिषेधावैयर्थ्यादिभ्यः ॐ,कर्तृत्वाधिकरणम्
261,2,3,43,ॐ अंशो नानाव्यपदेशादन्यथा चापि दाशकितवादित्वमधीयत एके ॐ,अंशाधिकरणम्
262,2,3,44,ॐ मन्त्रवर्णात् ॐ,अंशाधिकरणम्
263,2,3,45,ॐ अपि स्मर्यते ॐ,अंशाधिकरणम्
264,2,3,46,ॐ प्रकाशादिवन्नैवं परः ॐ,अंशाधिकरणम्
265,2,3,47,ॐ स्मरन्ति च ॐ,अंशाधिकरणम्
266,2,3,48,ॐ अनुज्ञापरिहारौ देहसम्बन्धाज्ज्योतिरादिवत् ॐ,अंशाधिकरणम्
267,2,3,49,ॐ असन्ततेश्चाव्यतिकरः ॐ,अंशाधिकरणम्
268,2,3,50,ॐ आभास एव च ॐ,अंशाधिकरणम्
269,2,3,51,ॐ अदृष्टनियमात् ॐ,अदृष्टाधिकरणम्
270,2,3,52,ॐ अभिसन्ध्यादिष्वपि चैवम् ॐ,अदृष्टाधिकरणम्
271,2,3,53,ॐ प्रदेशादिति चेन्नान्तर्भावात् ॐ,अदृष्टाधिकरणम्
272,2,4,1,ॐ तथा प्राणाः ॐ,प्राणाधिकरणम्
273,2,4,2,ॐ गौण्यसम्भवात् ॐ,प्राणाधिकरणम्
274,2,4,3,ॐ प्रतिज्ञानुपरोधाच्च ॐ,प्राणाधिकरणम्
275,2,4,4,ॐ तत् प्राक्ष्रुतेश्च ॐ,मनोधिकरणम्
276,2,4,5,ॐ तत्पूर्वकत्वाद्वाचः ॐ,वागधिकरणम्
277,2,4,6,ॐ सप्तगतेर्विशेषितत्वाच्च ॐ,सप्तगत्यधिकरणम्
278,2,4,7,ॐ हस्तादयस्तुस्थितेऽतो नैवम् ॐ,सप्तगत्यधिकरणम्
279,2,4,8,ॐ अणवश्च ॐ,अण्व(णुत्वा)धिकरणम्
280,2,4,9,ॐ श्रेष्ठश्च ॐ,मुख्यप्राणाधिकरणम्
281,2,4,10,ॐ न वायुक्रिये पृथुगुपदेशात् ॐ,मुख्यप्राणाधिकरणम्
282,2,4,11,ॐ चक्षुरादिवत् तु तत्सहशिष्ट्यादिभ्यः ॐ,चक्षुराद्यधिकरणम्
283,2,4,12,ॐ अकरणत्वाच्च न दोषस्तथा हि दर्शयति ॐ,चक्षुराद्यधिकरणम्
284,2,4,13,ॐ पञ्चवृत्तिर्मनोवद्व्यपदिश्यते ॐ,पञ्चवृत्त्यधिकरणम्
285,2,4,14,ॐ अणुश्च ॐ,प्राणाणुत्वाधिकरणम्
286,2,4,15,ॐ ज्योतिराद्यधिष्ठानं तु तदामननात् ॐ,ज्योतिराद्यधिकरणम्
287,2,4,16,ॐ प्राणवता शब्दात् ॐ,ज्योतिराद्यधिकरणम्
288,2,4,17,ॐ तस्य च नित्यत्वात् ॐ,ज्योतिराद्यधिकरणम्
289,2,4,18,ॐ त इन्द्रियाण् तद्व्यपदेशादन्यत्र श्रेष्ठात् ॐ,इन्द्रियाधिकरणम्
290,2,4,19,ॐ भेदश्रुतेः ॐ,इन्द्रियाधिकरणम्
291,2,4,20,ॐ वैलक्षण्याच्च ॐ,इन्द्रियाधिकरणम्
292,2,4,21,ॐ सङ्ज्ञामूर्तिक्लृप्तिस्तुत्रि वृत्कुर्वत उपदेशात् ॐ,सङ्ज्ञाधिकरणम्
293,2,4,22,ॐ मांसादि भौमं यथाशब्दमितरयोश्च ॐ,मांसा(ध्य)धिकरणम्
294,2,4,23,ॐ वैशेष्यात् तु तद्वादस्तद्वादः ॐ,मांसा(ध्य)धिकरणम्
295,3,1,1,ॐ तदन्तरप्रतिपत्तौरंहति सम्परिष्वक्तः प्रश्ननिरूपणाभ्याम् ॐ,तदन्तराधिकरणम्
296,3,1,2,ॐ त्र्यात्मकत्वात् तु भूयस्त्वात् ॐ,त्र्यात्मकत्वाधिकरणम्
297,3,1,3,ॐ प्राणगतेश्च ॐ,प्राणागत्यधिकरणम्
298,3,1,4,ॐ अग्न्यादिगतिश्रुतेरिति चेन्न भाक्तत्वात् ॐ,अग्न्याद्यधिकरणम्
299,3,1,5,ॐ प्रथमेऽश्रवणादिति चेन्न ता एव ह्युपपत्तेः ॐ,प्रथमश्रवणाधिकरणम्
300,3,1,6,ॐ अश्रुतत्वादिति चेन्नेष्टादिकारिणं प्रतीतेः ॐ,अश्रुतत्वाधिकरणम्
301,3,1,7,ॐ भाक्तं वाऽनात्मवित्त्वात् तथा हि दर्शयति ॐ,भाक्ताधिकरणम्
302,3,1,8,ॐ कृतात्ययेऽनुशयवान् दृष्टस्मृतिभ्याम् ॐ,कृतात्ययाधिकरणम्
303,3,1,9,ॐ यथेतमनेवं च ॐ,यथेताधिकरणम्
304,3,1,10,ॐ चरणादिति चेन्न तदुपलक्षणार्थेति कार्ष्णाजिनिः ॐ,चरणाधिकरणम्
305,3,1,11,ॐ आनर्थक्यमिति चेन्न तदपेक्षत्वात् ॐ,चरणाधिकरणम्
306,3,1,12,ॐ सुकृतदुष्कृते एवेति तु बादरिः ॐ,चरणाधिकरणम्
307,3,1,13,ॐ अनिष्टादिकारिणामपि च श्रुतम् ॐ,अनिष्टादिकार्यधिकरणम्
308,3,1,14,ॐ संयमने त्वनुभूयेतरेषामारोहावरोहौ तद्गतिदर्शनात् ॐ,अनिष्टादिकार्यधिकरणम्
309,3,1,15,ॐ स्मरन्ति च ॐ,अनिष्टादिकार्यधिकरणम्
310,3,1,16,ॐ अपि सप्त ॐ,सप्ताधिकरणम्
311,3,1,17,ॐ तत्रापि च तद्व्यापारादविरोधः ॐ,तद्व्यापाराधिकरणम्
312,3,1,18,ॐ विद्याकर्मणोरिति तु प्रकृतत्वात् ॐ,विद्याकर्माधिकरणम्
313,3,1,19,ॐ न तृतीये तथोपलब्धेः ॐ,महातमोऽधिकरणम्
314,3,1,20,ॐ स्मर्यतेऽपि च लोके ॐ,महातमोऽधिकरणम्
315,3,1,21,ॐ दर्शनाच्च ॐ,महातमोऽधिकरणम्
316,3,1,22,ॐ तृतीये शब्दावरोधः संशोकजस्य ॐ,महातमोऽधिकरणम्
317,3,1,23,ॐ स्मरणाच्च ॐ,महातमोऽधिकरणम्
318,3,1,24,ॐ तत्स्वाभाव्यापत्तिरुपपत्तेः ॐ,तत्स्वाभाव्याधिकरणम्
319,3,1,25,ॐ नातिचिरेण विशेषात् ॐ,नातिचिरेणाधिकरणम्
320,3,1,26,ॐ अन्याधिष्ठिते पूर्ववदभिलापात् ॐ,अन्या(धिष्ठिता)धिकरणम्
321,3,1,27,ॐ अशुद्धमिति चेन्न शब्दात् ॐ,अन्या(धिष्ठिता)धिकरणम्
322,3,1,28,ॐ रेतःसिग्योगोऽथ ॐ,रेतोऽधिकरणम्
323,3,1,29,ॐ योनेः शरीरम् ॐ,योन्यधिकरणम्
324,3,2,1,ॐ सन्ध्ये सृष्टिराह हि ॐ,सन्ध्याधिकरणम्
325,3,2,2,ॐ निर्मातारं चैके पुत्रादयश्च ॐ,सन्ध्याधिकरणम्
326,3,2,3,ॐ मायामात्रं तु कार्त्स्न्येनानभिव्यक्त स्वरूपत्वात् ॐ,सन्ध्याधिकरणम्
327,3,2,4,ॐ सूचकश्च हि श्रुतेराचक्षते च तद्विदः ॐ,सन्ध्याधिकरणम्
328,3,2,5,ॐ पराभिध्यानात् तु तिरोहितं ततो ह्यस्य बन्धविपर्ययौ ॐ,पराभिध्यानाधिकरणम्
329,3,2,6,ॐ देहयोगाद्वासोऽपि ॐ,देहयोगाधिकरणम्
330,3,2,7,ॐ तदभावो नाडीषु तच्छ्रुतेरात्मनि ह ॐ,तदभावाधिकरणम्
331,3,2,8,ॐ अतः प्रभोधोऽस्मात् ॐ,प्रभोधाधिकरणम्
332,3,2,9,ॐ स एव च कर्मानुस्मृतिशब्दविधिभ्यः ॐ,कर्मानुस्मृत्यधिकरणम्
333,3,2,10,ॐ मुग्धेऽर्धसम्पत्तिः परिशेषात् ॐ,सम्पत्त्यधिकरणम्
334,3,2,11,ॐ न स्थानतोऽपि परस्योभयलिङ्गं सर्वत्र हि ॐ,स्थान(तोऽप्य)भेदाधिकरणम्
335,3,2,12,ॐ न भेदादिति चेन्न प्रत्येकमतद्वचनात् ॐ,स्थान(तोऽप्य)भेदाधिकरणम्
336,3,2,13,ॐ अपि चैवमेके ॐ,स्थान(तोऽप्य)भेदाधिकरणम्
337,3,2,14,ॐ अरूपवदेव हि तत्प्रधानत्वात् ॐ,अरूपाधिकरणम्
338,3,2,15,ॐ प्रकाशवच्चावैयर्थ्यम् ॐ,अरूपाधिकरणम्
339,3,2,16,ॐ आह च तन्मात्रम् ॐ,अरूपाधिकरणम्
340,3,2,17,ॐ दर्शयति चाथो अपि स्मर्यते ॐ,अरूपाधिकरणम्
341,3,2,18,ॐ अत एव चोपमा सूर्यकादिवत् ॐ,उपमाधिकरणम्
342,3,2,19,ॐ अम्बुवदग्रहणात् तु न तथात्वम् ॐ,अम्बुवदधिकरणम्
343,3,2,20,ॐ वृद्धिह्रासभाक्त्वमन्तर्भावादुभयसामञ्जस्यादेवम् ॐ,वृद्धिह्रासाधिकरणम्
344,3,2,21,ॐ दर्शनाच्च ॐ,वृद्धिह्रासाधिकरणम्
345,3,2,22,ॐ प्रकृतैतावत्त्वं हि प्रतिषेधति ततो ब्रवीति च भूयः ॐ,पालकत्वाधिकरणम्
346,3,2,23,ॐ तदव्यक्तमाह हि ॐ,अव्यक्ताधिकरणम्
347,3,2,24,ॐ अपि संराधने प्रत्यक्षानुमानाभ्याम् ॐ,अव्यक्ताधिकरणम्
348,3,2,25,ॐ प्रकाशवच्चावैशेष्यम् ॐ,अव्यक्ताधिकरणम्
349,3,2,26,ॐ प्रकाशश्च कर्मण्यभ्यासात् ॐ,अव्यक्ताधिकरणम्
350,3,2,27,ॐ अतोऽनन्तेन तथा हि लिङ्गम् ॐ,अव्यक्ताधिकरणम्
351,3,2,28,ॐ उभयव्यपदेशात् त्त्वहिकुण्डलवत् ॐ,उभयव्यपदेशाधिकरणम्
352,3,2,29,ॐ प्रकाशाश्रयवद्वा तेजस्त्वात् ॐ,उभयव्यपदेशाधिकरणम्
353,3,2,30,ॐ पूर्ववद्वा ॐ,उभयव्यपदेशाधिकरणम्
354,3,2,31,ॐ प्रतिषेधाच्च ॐ,उभयव्यपदेशाधिकरणम्
355,3,2,32,ॐ परमतः सेतून्मानसम्बन्धभेदव्यपदेशेभ्यः ॐ,परानन्दा(परमता)धिकरणम्
356,3,2,33,ॐ दर्शनात् तु ॐ,परानन्दा(परमता)धिकरणम्
357,3,2,34,ॐ बुद्ध्यर्थः पादवत् ॐ,परानन्दा(परमता)धिकरणम्
358,3,2,35,ॐ स्थानविशेषात् प्रकाशादिवत् ॐ,स्थानविशेषाधिकरणम्
359,3,2,36,ॐ उपपत्तेश्च ॐ,स्थानविशेषाधिकरणम्
360,3,2,37,ॐ तथाऽन्यत् प्रतिषेधात् ॐ,तथान्यत्वाधिकरणम्
361,3,2,38,ॐ अनेन सर्वगतत्वमायामयशब्दादिभ्यः ॐ,सर्वगतत्वाधिकरणम्
362,3,2,39,ॐ फलमत उपपत्तेः ॐ,फलदानाधिकरणम्
363,3,2,40,ॐ श्रुतत्वाच्च ॐ,फलदानाधिकरणम्
364,3,2,41,ॐ धर्मं जैमिनिरत एव ॐ,फलदानाधिकरणम्
365,3,2,42,ॐ पूर्वं तु बादरायणो हेतु व्यपदेशात् ॐ,फलदानाधिकरणम्
366,3,3,1,ॐ सर्ववेदान्तप्रत्ययाधिकरणम् चोदनाद्यविशेषात् ॐ,सर्वेवेदा(न्तप्रत्यया)धिकरणम्
367,3,3,2,ॐ भेदान्नेति चेदेकस्यामपि ॐ,सर्वेवेदा(न्तप्रत्यया)धिकरणम्
368,3,3,3,ॐ स्वाध्यायस्य तथात्वेन हि समाचारेऽधिकाराच्च ॐ,सर्वेवेदा(न्तप्रत्यया)धिकरणम्
369,3,3,4,ॐ सलिलवच्च तन्नियमः ॐ,सर्वेवेदा(न्तप्रत्यया)धिकरणम्
370,3,3,5,ॐ दर्शयति च ॐ,सर्वेवेदा(न्तप्रत्यया)धिकरणम्
371,3,3,6,ॐ उपसंहारोऽर्थाभेदाद्विधिशेषवत् समाने च ॐ,उपसंहाराधिकरणम्
372,3,3,7,ॐ अन्यथात्वं शब्दादिति चेन्नाविशेषात् ॐ,उपसंहाराधिकरणम्
373,3,3,8,ॐ न वा प्रकरणभेदात् परोवरीयस्त्वादिवत् ॐ,उपसंहाराधिकरणम्
374,3,3,9,ॐ सङ्ज्ञातश्चेत् तदुक्तमस्ति तु तदपि ॐ,उपसंहाराधिकरणम्
375,3,3,10,ॐ प्राप्तेश्च समञ्जसम् ॐ,प्राप्तैधिकरणम्
376,3,3,11,ॐ सर्वाभेदादन्यत्रेमे ॐ,सर्वाभेदाधिकरणम्
377,3,3,12,ॐ आनन्दादयः प्रधानस्य ॐ,आनन्दाद्यधिकरणम्
378,3,3,13,ॐ प्रियशिरस्त्वाद्यप्राप्तिरुपचयापचयौ हि भेदे ॐ,प्रियशिरस्त्वाधिकरणम्
379,3,3,14,ॐ इतरे त्वर्थसामान्यात् ॐ,इतराधिकरणम्
380,3,3,15,ॐ आध्यानाय प्रयोजनाभावात् ॐ,अध्यानाधिकरणम्
381,3,3,16,ॐ आत्मशब्दाच्च ॐ,अध्यानाधिकरणम्
382,3,3,17,ॐ आत्मगृहीतिरितवदुत्तरात् ॐ,आत्मगृहीत्यधिकरणम्
383,3,3,18,ॐ अन्वयादिति चेत् स्यादवधारणात् ॐ,अन्वयाधिकरणम्
384,3,3,19,ॐ कार्याख्यानादपूर्वम् ॐ,कार्या(ख्यान)धिकरणम्
385,3,3,20,ॐ समान एवं चाभेदात् ॐ,समानाधिकरणम्
386,3,3,21,ॐ सम्बन्धादेवमन्यत्रापि ॐ,नवाधिकरणम्
387,3,3,22,ॐ न वा विशेषात् ॐ,नवाधिकरणम्
388,3,3,23,ॐ दर्शयति च ॐ,नवाधिकरणम्
389,3,3,24,ॐ सम्भृतिद्युव्याप्तपि चातः ॐ,सम्भृत्यधिकरणम्
390,3,3,25,ॐ पुरुषविद्यायामपि चेतरेषामनाम्नानात् ॐ,पुरुषविद्याधिकरणम्
391,3,3,26,ॐ वेधाद्यर्थभेदात् ॐ,वेधाद्यधिकरणम्
392,3,3,27,ॐ हानौ तूपायनशब्दशेषत्वात् कुशाछन्दस्तुत्युपगानवत् तदुक्तम् ॐ,मुक्तोपासनाधिकरणम् (हान्यधिकरणम्)
393,3,3,28,ॐ साम्परायेतर्तव्याभावात् तथा ह्यन्ये ॐ,मुक्तोपासनाधिकरणम् (हान्यधिकरणम्)
394,3,3,29,ॐ छन्दत उभयाविरोधात् ॐ,छन्दादिकरणम्
395,3,3,30,ॐ गतेरर्थवत्त्वमुभयथाऽन्यथा ह विरोधः ॐ,छन्दादिकरणम्
396,3,3,31,ॐ उपपन्नस्तल्लक्षणार्थोपलब्धेर्लोकवत् ॐ,छन्दादिकरणम्
397,3,3,32,ॐ अनियमः सर्वेषामविरोधाच्छब्दानुमानाभ्याम् ॐ,अनियमाधिकरणम्
398,3,3,33,ॐ यावदधिकारमवस्थितिराधिकारिकाणाम् ॐ,यावदधिकाराधिकरणम्
399,3,3,34,ॐ अक्षरधियां त्वविरोधः सामान्यतद्भावाभ्यामौपसदवत् तदुक्तम् ॐ,यावदधिकाराधिकरणम्
400,3,3,35,ॐ इयदामननात् ॐ,इयदामननाधिकरणम्
401,3,3,36,ॐ अन्तरा भूतग्रामवदिति चेत् तदुक्तम् ॐ,इयदामननाधिकरणम्
402,3,3,37,ॐ अन्यथा भेदानुपपत्तिरिति चेन्नोपदेशवत् ॐ,इयदामननाधिकरणम्
403,3,3,38,ॐ व्यतिहारो विशिंषन्ति हीतरवत् ॐ,व्यतिहाराधिकरणम्
404,3,3,39,ॐ सैव हि सत्यादयः ॐ,सत्याद्यधिकरणम्
405,3,3,40,ॐ कामादितरत्र तत्र चायतनादिभ्यः ॐ,कामाधिकरणम्
406,3,3,41,ॐ आदरादलोपः ॐ,कामाधिकरणम्
407,3,3,42,ॐ उपस्थितेस्तद्वचनात् ॐ,कामाधिकरणम्
408,3,3,43,ॐ तन्निर्धारणार्थनियमस्तद्दृष्टेः पृथग्ध्यप्रतिबन्धः पलम् ॐ,निर्धारणाधिकरणम्
409,3,3,44,ॐ प्रदानवदेव हि तदुक्तम् ॐ,प्रदानाधिकरणम्
410,3,3,45,ॐ लिङ्गभूयस्त्वात् तद्धि बलीयस्तदपि ॐ,गुरुप्रसादाधिकरणम् (लिङ्गभूयस्त्वाधिकरणम्)
411,3,3,46,ॐ पूर्वविकल्पःप्रकरणात् स्यात् क्रियामानसवत् ॐ,पूर्वविकल्पाधिकरणम्
412,3,3,47,ॐ अतिदेशाच्च ॐ,पूर्वविकल्पाधिकरणम्
413,3,3,48,ॐ विद्यैव तु निर्धारणात् ॐ,विद्याधिकरणम्
414,3,3,49,ॐ दर्शनाच्च ॐ,विद्याधिकरणम्
415,3,3,50,ॐ श्रुत्यादिबलीयास्त्वाच्च न बाधः ॐ,अबाधाधिकरणम् (श्रुत्यधिकरणम्)
416,3,3,51,ॐ अनुबन्धादिभ्यः ॐ,अनुबन्धाद्यधिकरणम्
417,3,3,52,ॐ प्रज्ञान्तरपृथक्त्ववद्दृष्टिश्च तदुक्तम् ॐ,दर्शनबेधादिकरणम् (प्रज्ञान्तराधिकरणम्)
418,3,3,53,ॐ न सामान्यादप्युपलब्धेर्मृत्युवन्न हि लोकापत्तिः ॐ,न सामान्याधिकरणम्
419,3,3,54,ॐ परेण शब्दस्य ताद्विध्यं भूयस्त्वात् त्वनुबन्धः ॐ,ताद्विध्याधिकरणम् (परेणाधिकरणम्)
420,3,3,55,ॐ एकः आत्मनः शरीरे भावात् ॐ,एकाधिकरणम्
421,3,3,56,ॐ व्यतिरेकस्तद्भावभावित्वान्न तूपलब्धिवत् ॐ,एकाधिकरणम्
422,3,3,57,ॐ अङ्गावबद्धास्तुन शाखासु हि प्रतिवेदनम् ॐ,अङ्गावबद्धाधिकरणम्
423,3,3,58,ॐ मन्त्रादिवद्वाऽविरोधः ॐ,अङ्गावबद्धाधिकरणम्
424,3,3,59,ॐ भूम्नःक्रतुवज्ज्यायस्त्वं तथा च दर्शयति ॐ,भूमाधिकरणम्
425,3,3,60,ॐ नाना शब्दादिभेदात् ॐ,नाना(शब्दा)धिकरणम्
426,3,3,61,ॐ विकल्पो विशिष्टफलत्वात् ॐ,विकल्पाधिकरणम्
427,3,3,62,ॐ काम्यास्तुयथाकामं समुच्चीयेरन्न वा पूर्वहेत्वभावात् ॐ,काम्याधिकरणम्
428,3,3,63,ॐ अङ्गेषु यथाऽऽश्रयाभावः ॐ,यथाश्रयभावाधिकरणम् (अङ्गाधिकरणम्)
429,3,3,64,ॐ शिष्टेश्च ॐ,यथाश्रयभावाधिकरणम् (अङ्गाधिकरणम्)
430,3,3,65,ॐ समाहारात् ॐ,यथाश्रयभावाधिकरणम् (अङ्गाधिकरणम्)
431,3,3,66,ॐ गुणसाधारण्यश्रुतेश्च ॐ,यथाश्रयभावाधिकरणम् (अङ्गाधिकरणम्)
432,3,3,67,ॐ न वाऽतत्सहभावश्रुतेः ॐ,नवाधिकरणम्
433,3,3,68,ॐ दर्शनाच्च ॐ,नवाधिकरणम्
434,3,4,1,ॐ पुरुषार्थोऽतः शब्दादिति बादरायणः ॐ,पुरुषार्थाधिकरणम्
435,3,4,2,ॐ शेषत्वात् पुरुषार्थवादो यथाऽन्येष्विति जैमिनिः ॐ,पुरुषार्थाधिकरणम्
436,3,4,3,ॐ आचारदर्शनात् ॐ,पुरुषार्थाधिकरणम्
437,3,4,4,ॐ तच्छ्रुतेः ॐ,पुरुषार्थाधिकरणम्
438,3,4,5,ॐ समन्वारम्भणात् ॐ,पुरुषार्थाधिकरणम्
439,3,4,6,ॐ तद्वतो विधानात् ॐ,पुरुषार्थाधिकरणम्
440,3,4,7,ॐ नियमाच्च ॐ,पुरुषार्थाधिकरणम्
441,3,4,8,ॐ अधिकोपदेशात् तु बादरायणस्यैवं तद्दर्शनात् ॐ,पुरुषार्थाधिकरणम्
442,3,4,9,ॐ तुल्यम् तु दर्शनम् ॐ,पुरुषार्थाधिकरणम्
443,3,4,10,ॐ असार्वत्रिकी ॐ,अधिकाराधिकरणम् (असार्वत्रिकाधिकरणम्)
444,3,4,11,ॐ विभागः शतवत् ॐ,अधिकाराधिकरणम् (असार्वत्रिकाधिकरणम्)
445,3,4,12,ॐ अध्ययनमात्रवतः ॐ,अधिकाराधिकरणम् (असार्वत्रिकाधिकरणम्)
446,3,4,13,ॐ नाविशेषात् ॐ,अधिकारविशेषाधिकरणम् (अविशेषाधिकरणम्)
447,3,4,14,ॐ स्तुतयेऽनुमतिर्वा ॐ,कामचाराधिकरणम् (स्तुत्यधिकरणम्)
448,3,4,15,ॐ कामकारेण चैके ॐ,कामचाराधिकरणम् (स्तुत्यधिकरणम्)
449,3,4,16,ॐ उपमर्दं च ॐ,कामचाराधिकरणम् (स्तुत्यधिकरणम्)
450,3,4,17,ॐ ऊर्ध्वरेतस्सु च शब्दे हि ॐ,कामचाराधिकरणम् (स्तुत्यधिकरणम्)
451,3,4,18,ॐ परामर्शं जैमिनिरचोदना चापवदति हि ॐ,कामचाराधिकरणम् (स्तुत्यधिकरणम्)
452,3,4,19,ॐ अनुष्ठेयं बादरायणः साम्यश्रुतेः ॐ,कामचाराधिकरणम् (स्तुत्यधिकरणम्)
453,3,4,20,ॐ विधिर्वा धारणवत् ॐ,कामचाराधिकरणम् (स्तुत्यधिकरणम्)
454,3,4,21,ॐ स्तुतिमात्रमुपादानादिति चेन्नापूर्वत्वात् ॐ,कामचाराधिकरणम् (स्तुत्यधिकरणम्)
455,3,4,22,ॐ भावशब्दाच्च ॐ,कामचाराधिकरणम् (स्तुत्यधिकरणम्)
456,3,4,23,ॐ पारिप्लवार्था इति चेन्न विशेषितत्वात् ॐ,कामचाराधिकरणम् (स्तुत्यधिकरणम्)
457,3,4,24,ॐ तथा चैकवाक्योपबन्धात् ॐ,कामचाराधिकरणम् (स्तुत्यधिकरणम्)
458,3,4,25,ॐ अत एव चाग्नीन्धनाद्यनपेक्षा ॐ,कामचाराधिकरणम् (स्तुत्यधिकरणम्)
459,3,4,26,ॐ सर्वापेक्षा च यज्ञादिश्रुतेरश्ववत् ॐ,कामचाराधिकरणम् (स्तुत्यधिकरणम्)
460,3,4,27,ॐ शमदमाद्युपेतः स्यात् तथाऽपितु तद्विधेस्तदङ्गतया तेषामवश्यानुष्ठेयत्वात् ॐ,कामचाराधिकरणम् (स्तुत्यधिकरणम्)
461,3,4,28,ॐ सर्वान्नानुमतिश्च प्राणात्यये तद्दर्शनात् ॐ,कामचाराधिकरणम् (स्तुत्यधिकरणम्)
462,3,4,29,ॐ अबाधाच्च ॐ,कामचाराधिकरणम् (स्तुत्यधिकरणम्)
463,3,4,30,ॐ अपि स्मर्यते ॐ,कामचाराधिकरणम् (स्तुत्यधिकरणम्)
464,3,4,31,ॐ शब्दश्चातोऽकामचारे ॐ,कामचाराधिकरणम् (स्तुत्यधिकरणम्)
465,3,4,32,ॐ विहितत्वाच्चाश्रमकर्मापि ॐ,कामचाराधिकरणम् (स्तुत्यधिकरणम्)
466,3,4,33,ॐ सहकारित्वेन च ॐ,कामचाराधिकरणम् (स्तुत्यधिकरणम्)
467,3,4,34,ॐ सर्वथाऽपितु त एवोभयलिङ्गात् ॐ,उभयलिङ्गाधिकरणम्
468,3,4,35,ॐ अनभिभवं च दर्शयति ॐ,उभयलिङ्गाधिकरणम्
469,3,4,36,ॐ अन्तरा चापि तु तद्दृष्टेः ॐ,उभयलिङ्गाधिकरणम्
470,3,4,37,ॐ अपि स्मर्यते ॐ,उभयलिङ्गाधिकरणम्
471,3,4,38,ॐ विशेषानुग्रहं च ॐ,उभयलिङ्गाधिकरणम्
472,3,4,39,ॐ अतस्त्वितरज्ज्यायोलिङ्गाच्च ॐ,उभयलिङ्गाधिकरणम्
473,3,4,40,ॐ तद्भूतस्य तु तद्भावो जैमिनेरपि नियमातद्रूपाभावेभ्यः ॐ,उभयलिङ्गाधिकरणम्
474,3,4,41,ॐ न चाधिकारिकमपि पतनानुमानात् तदयोगात् ॐ,अधिकारिकाधिकरणम्
475,3,4,42,ॐ उपपूर्वमपीत्येके भावशमनवत् तदुक्तम् ॐ,अधिकारिकाधिकरणम्
476,3,4,43,ॐ बहिस्तूभयथाऽपि स्मृतेराचाराच्च ॐ,अधिकारिकाधिकरणम्
477,3,4,44,ॐ स्वामिनः फलश्रुतेरित्यात्रेयः ॐ,फलश्रुत्यधिकरणम्
478,3,4,45,ॐ आर्त्विज्यमित्यौडुलोमिस्तस्मै हि परिक्रियते ॐ,फलश्रुत्यधिकरणम्
479,3,4,46,ॐ सहकार्यन्तरविधिःपक्षेण तृतीयं तद्वतो विध्यादिवत् ॐ,फलश्रुत्यधिकरणम्
480,3,4,47,ॐ कृत्स्नभावात् तु गृहिणोपसंहारः ॐ,कृत्स्नभावाधिकरणम्
481,3,4,48,ॐ मौनवदितरेषामप्युपदेशात् ॐ,कृत्स्नभावाधिकरणम्
482,3,4,49,ॐ अनाविष्कुर्वन्नन्वयात् ॐ,अनाविष्काराधिकरणम्
483,3,4,50,ॐ ऐहिकमप्रस्तुतप्रतिबन्धे तद्दर्शनात् ॐ,ऐहिकाधिकरणम्
484,3,4,51,ॐ एवं मुक्तिफलानियमस्तदवस्थावधृतेस्तदवस्थावधृतेः ॐ,मुक्तिफलाधिकरणम्
485,4,1,1,ॐ आवृत्तिरसकृदुपदेशात् ॐ,आवृत्यधिकरणम्
486,4,1,2,ॐ लिङ्गाच्च ॐ,आवृत्यधिकरणम्
487,4,1,3,ॐ आत्मेति तूपगच्छन्ति ग्राहयन्ति च ॐ,आत्मोपगमाधिकरणम्
488,4,1,4,ॐ न प्रतीके न हि सः ॐ,नप्रतीकाधिकरणम्
489,4,1,5,ॐ ब्रह्मदृष्टिरुत्कर्षात् ॐ,ब्रह्मदृष्ट्यधिकरणम्
490,4,1,6,ॐ आदित्यादिमतयश्चाङ्ग उपपत्तेः ॐ,आदित्यादिमत्यधिकरणम्
491,4,1,7,ॐ आसीनः सम्भवात् ॐ,आसनाधिकरणम्
492,4,1,8,ॐ ध्यानाच्च ॐ,आसनाधिकरणम्
493,4,1,9,ॐ अचलत्वं चापेक्ष्य ॐ,आसनाधिकरणम्
494,4,1,10,ॐ स्मरन्ति च ॐ,आसनाधिकरणम्
495,4,1,11,ॐ यत्रैकाग्रता तत्रा विशेषात् ॐ,आसनाधिकरणम्
496,4,1,12,ॐ आ प्रायणात् तत्रापि हि दृष्टम् ॐ,प्रायणाधिकरणम्
497,4,1,13,ॐ तदधिगम उत्तरपूर्वाघयोरश्लेषविनाशौ तद्व्यपदेशात् ॐ,तदधिगमाधिकरणम्
498,4,1,14,ॐ इतरस्याप्येवमसंश्लेषः पाते तु ॐ,तदधिगमाधिकरणम्
499,4,1,15,ॐ अनारब्दकार्ये एव तु पूर्वे तदवधेः ॐ,तदधिगमाधिकरणम्
500,4,1,16,ॐ अग्निहोत्रादि तु तत्कार्यायैव तद्दर्शनात् ॐ,तदधिगमाधिकरणम्
501,4,1,17,ॐ अतोऽन्यदपीत्येकेषामुभयोः ॐ,तदधिगमाधिकरणम्
502,4,1,18,ॐ यदेव विद्ययेति हि ॐ,तदधिगमाधिकरणम्
503,4,1,19,ॐ भोगेन त्वितरे क्षपयित्वाऽथ सम्पत्स्यते ॐ,तदधिगमाधिकरणम्
504,4,2,1,ॐ वाङ्मनसि दर्शनाच्छब्दाच्च ॐ,वाङ्मनसाधिकरणम्
505,4,2,2,ॐ अत एव च सर्वाण्यनु ॐ,वाङ्मनसाधिकरणम्
506,4,2,3,ॐ तन्मनः प्राण उत्तरात् ॐ,मनोऽधिकरणम्
507,4,2,4,ॐ सोऽध्यक्षे तदुपगमादिभ्यः ॐ,अध्यक्षाधिकरणम्
508,4,2,5,ॐ भूतेषु तच्छ्रुतेः ॐ,भूताधिकरणम्
509,4,2,6,ॐ नैकस्मिन् दर्शयतो हि ॐ,अनेकलयाधिकरणम् (नैकस्मिन्नधिकरणम्)
510,4,2,7,ॐ समना चासृत्युपक्रमादमृतत्वं चानुपोष्य ॐ,समनाधिकरणम्
511,4,2,8,ॐ तदपीतेः संसारव्यपदेशात् ॐ,समनाधिकरणम्
512,4,2,9,ॐ सूक्ष्मं प्रमाणतश्च तथोपलब्देः ॐ,समनाधिकरणम्
513,4,2,10,ॐ नोपमर्देनातः ॐ,समनाधिकरणम्
514,4,2,11,ॐ अस्यैव चोपपत्तेरूष्मा ॐ,समनाधिकरणम्
515,4,2,12,ॐ प्रतिषेधादिति चेन्न शारीरात् ॐ,समनाधिकरणम्
516,4,2,13,ॐ स्पष्टो ह्येकेषाम् ॐ,समनाधिकरणम्
517,4,2,14,ॐ स्मर्यते च ॐ,समनाधिकरणम्
518,4,2,15,ॐ तानि परे तथा ह्याह ॐ,परा(लया)धिकरणम्
519,4,2,16,ॐ अविभागो वचनात् ॐ,अविभागाधिकरणम्
520,4,2,17,ॐ तदोकोऽग्रज्वलनं तत्प्रकाशितद्वारो विद्यासामर्थ्यात् तच्छेषगत्यनुस्मृतियोगाच्च हार्दानुगृहीतः शताधिकया ॐ,हृदयाग्रज्वलना(तदोकोऽ)धिकरणम्
521,4,2,18,ॐ रश्म्यनुसारी ॐ,हृदयाग्रज्वलना(तदोकोऽ)धिकरणम्
522,4,2,19,ॐ निशि नेति चेन्न सम्बन्धात् ॐ,हृदयाग्रज्वलना(तदोकोऽ)धिकरणम्
523,4,2,20,ॐ यावद्देहभावित्वाद्दर्शयति च ॐ,हृदयाग्रज्वलना(तदोकोऽ)धिकरणम्
524,4,2,21,ॐ अतश्चायनेऽपि हि दक्षिणे ॐ,हृदयाग्रज्वलना(तदोकोऽ)धिकरणम्
525,4,2,22,ॐ योगिनः प्रति स्मर्येते स्मार्ते चैते ॐ,प्रतिस्मरणाधिकरणम् (योग्यधिकरणम्)
526,4,3,1,ॐ अर्चिरादिना तत्प्रथितेः ॐ,अर्चिराद्यधिकरणम्
527,4,3,2,ॐ वायुशब्दादविशेषविशेषाभ्याम् ॐ,वायुगत्यधिकरणम्
528,4,3,3,ॐ तटितोऽधिवरुणः सम्बन्धात् ॐ,तटिदधिकरणम्
529,4,3,4,ॐ आतिवाहिकस्तल्लिङ्गात् ॐ,अतिवाहिकाधिकरणम्
530,4,3,5,ॐ उभयव्यामोहत् तत्सिद्धेः ॐ,अतिवाहिकाधिकरणम्
531,4,3,6,ॐ वैद्युतेनैव ततस्तच्छ्रुतेः ॐ,वैद्युताधिकरणम्
532,4,3,7,ॐ कार्यं बादरिरस्यगत्युपपत्तेः ॐ,कार्याधिकरणम्
533,4,3,8,ॐ विशेषितत्वाच्च ॐ,कार्याधिकरणम्
534,4,3,9,ॐ सामीप्यात्तुतद्व्यपदेशः ॐ,कार्याधिकरणम्
535,4,3,10,ॐ कार्यात्यये तदध्यक्षेण सहातः परमभिधानात् ॐ,कार्याधिकरणम्
536,4,3,11,ॐ स्मृतेश्च ॐ,कार्याधिकरणम्
537,4,3,12,ॐ परं जैमिनिर्मुख्यत्वात् ॐ,कार्याधिकरणम्
538,4,3,13,ॐ दर्शनाच्च ॐ,कार्याधिकरणम्
539,4,3,14,ॐ न च कार्ये प्रतिपत्त्यभिसन्धिः ॐ,कार्याधिकरणम्
540,4,3,15,ॐ अप्रतीकालम्बनान् नयतीति बादरायण उभयथा च दोषात् तत्क्रतुश्च ॐ,कार्याधिकरणम्
541,4,3,16,ॐ विशेषं च दर्शयति ॐ,कार्याधिकरणम्
542,4,4,1,ॐ सम्पद्याविहाय स्वेन शब्दात् ॐ,सम्पद्याधिकरणम्
543,4,4,2,ॐ मुक्तः प्रतिज्ञानात् ॐ,मुक्ताधिकरणम्
544,4,4,3,ॐ आत्मा प्रकरणात् ॐ,आत्माधिकरणम्
545,4,4,4,ॐ अविभागेन दृष्टत्वात् ॐ,अविभागाधिकरणम्
546,4,4,5,ॐ ब्राह्मेण जैमिनिरुपन्यासादिभ्यः ॐ,चितिमात्राधिकरणम् (ब्रह्माधिकरणम्)
547,4,4,6,ॐ चितिमात्रेण तदात्मकत्वादित्यौडुलोमिः ॐ,चितिमात्राधिकरणम् (ब्रह्माधिकरणम्)
548,4,4,7,ॐ एवमप्युपन्यासात् पूर्वभावादविरोधं बादरायणः ॐ,चितिमात्राधिकरणम् (ब्रह्माधिकरणम्)
549,4,4,8,ॐ सङ्कल्पादेव च तच्च्रुतेः ॐ,सङ्कल्पाधिकरणम्
550,4,4,9,ॐ अत एव चानन्याधिपतिः ॐ,अनन्याधिपतित्वाधिकरणम्
551,4,4,10,ॐ अभावं बादरिराह ह्येवम् ॐ,उभयविधभोगाधिकरणम्
552,4,4,11,ॐ भावं जैमिनिर्विकल्पाम्नानात् ॐ,उभयविधभोगाधिकरणम्
553,4,4,12,ॐ द्वादशाहवदुभयविधं बादरायणोऽतः ॐ,उभयविधभोगाधिकरणम्
554,4,4,13,ॐ तन्वभावे सन्ध्यवदुपपत्तेः ॐ,उभयविधभोगाधिकरणम्
555,4,4,14,ॐ भावे जाग्रद्वत् ॐ,उभयविधभोगाधिकरणम्
556,4,4,15,ॐ प्रदीपवदावेशस्तथा हि दर्शयति ॐ,उभयविधभोगाधिकरणम्
557,4,4,16,ॐ स्वाप्यायसम्पत्त्योरन्यतरापेक्षमाविष्कृतं हि ॐ,उभयविधभोगाधिकरणम्
558,4,4,17,ॐ जगद्व्यापारवर्जम् ॐ,सर्वकामाधिकरणम् (जगद्व्यापाराधिकरणम्)
559,4,4,18,ॐ प्रकरणादसन्निहितत्वाच्च ॐ,सर्वकामाधिकरणम् (जगद्व्यापाराधिकरणम्)
560,4,4,19,ॐ प्रत्यक्षोपदेशादिति चेन्नाधिकारिकमण्डलस्थोक्तेः ॐ,सर्वकामाधिकरणम् (जगद्व्यापाराधिकरणम्)
561,4,4,20,ॐ विकारावर्ति च तथाहि दर्शयति ॐ,सर्वकामाधिकरणम् (जगद्व्यापाराधिकरणम्)
562,4,4,21,ॐ स्थितिमाह दर्शयतश्चैवं प्रत्यक्षानुमाने ॐ,स्थित्य(एकरूपा)धिकरणम्
563,4,4,22,ॐ भोगमात्रसाम्यलिङ्गाच्च ॐ,स्थित्य(एकरूपा)धिकरणम्
564,4,4,23,ॐ अनावृत्तिः शब्दादनावृत्तिः शब्दात् ॐ,अनावृत्यधिकरणम्